{
  "histories": {
    "Normal": {
      "train_loss": [
        1.6414952993392944,
        1.4898303985595702,
        1.4877501487731934,
        1.3582776308059692,
        1.3576024055480957,
        1.1789256811141968,
        1.2190842866897582,
        1.1940874099731444,
        1.1240004539489745,
        1.0391487717628478,
        1.0864308595657348,
        0.9796633124351501,
        1.0159052610397339,
        1.000080168247223,
        0.9906606793403625
      ],
      "train_acc": [
        18.666666666666668,
        37.333333333333336,
        40.0,
        36.666666666666664,
        43.333333333333336,
        50.0,
        46.666666666666664,
        49.333333333333336,
        52.0,
        58.666666666666664,
        54.0,
        62.0,
        54.0,
        58.666666666666664,
        61.333333333333336
      ],
      "train_ce": [
        1.6414952993392944,
        1.4898303985595702,
        1.4877501487731934,
        1.3582776308059692,
        1.3576024055480957,
        1.1789256811141968,
        1.2190842866897582,
        1.1940874099731444,
        1.1240004539489745,
        1.0391487717628478,
        1.0864308595657348,
        0.9796633124351501,
        1.0159052610397339,
        1.000080168247223,
        0.9906606793403625
      ],
      "test_loss": [
        1.569525384902954,
        1.5300604104995728,
        1.5955947637557983,
        1.3871189951896667,
        1.3783749103546143,
        1.4100296139717101,
        1.3702665328979493,
        1.425052809715271,
        1.3881672143936157,
        1.3545193910598754,
        1.4193163633346557,
        1.490707778930664,
        1.496148133277893,
        1.4828309535980224,
        1.4774392604827882
      ],
      "test_acc": [
        23.484848484848484,
        38.63636363636363,
        43.18181818181818,
        46.21212121212121,
        49.24242424242424,
        44.696969696969695,
        43.18181818181818,
        49.24242424242424,
        50.0,
        50.0,
        49.24242424242424,
        51.515151515151516,
        50.0,
        50.0,
        50.0
      ]
    },
    "GradCAM (\u03bb=0.1)": {
      "train_loss": [
        1.7315959930419922,
        1.6266796350479127,
        1.546244502067566,
        1.392554521560669,
        1.3627118825912476,
        1.2914685487747193,
        1.3148959875106812,
        1.2067011833190917,
        1.1484724402427673,
        1.1504489541053773,
        1.1597224950790406,
        1.1144930601119996,
        1.1346655368804932,
        1.1192345142364502,
        1.0751105785369872
      ],
      "train_acc": [
        16.0,
        30.0,
        32.0,
        40.0,
        45.333333333333336,
        45.333333333333336,
        45.333333333333336,
        51.333333333333336,
        59.333333333333336,
        53.333333333333336,
        56.666666666666664,
        57.333333333333336,
        54.666666666666664,
        56.0,
        57.333333333333336
      ],
      "train_ce": [
        1.659447693824768,
        1.5584295272827149,
        1.4764419317245483,
        1.3205967664718627,
        1.2897911548614502,
        1.2197120666503907,
        1.2414007186889648,
        1.1328391551971435,
        1.0736459612846374,
        1.0749706268310546,
        1.084842610359192,
        1.0418017387390137,
        1.0623825430870055,
        1.0453365802764893,
        1.0007506132125854
      ],
      "test_loss": [
        1.592918038368225,
        1.5295564174652099,
        1.560368585586548,
        1.4857725977897644,
        1.4555019378662108,
        1.4381593465805054,
        1.4345191240310669,
        1.3839518547058105,
        1.4540098667144776,
        1.4001950025558472,
        1.3998841285705566,
        1.3942617893218994,
        1.3965946674346923,
        1.3893340826034546,
        1.3885584354400635
      ],
      "test_acc": [
        27.272727272727273,
        37.121212121212125,
        39.39393939393939,
        41.666666666666664,
        40.90909090909091,
        47.72727272727273,
        46.96969696969697,
        42.42424242424242,
        46.96969696969697,
        46.96969696969697,
        47.72727272727273,
        46.96969696969697,
        46.96969696969697,
        46.96969696969697,
        46.96969696969697
      ]
    },
    "GradCAM (\u03bb=0.3)": {
      "train_loss": [
        1.8339389324188233,
        1.753592610359192,
        1.669296145439148,
        1.6056982278823853,
        1.5606462240219117,
        1.4725372076034546,
        1.4156647205352784,
        1.3700218677520752,
        1.3127345323562623,
        1.3331287622451782,
        1.4243368625640869,
        1.2685654640197754,
        1.2796777486801147,
        1.2164021611213685,
        1.273043942451477
      ],
      "train_acc": [
        18.0,
        26.0,
        32.666666666666664,
        41.333333333333336,
        44.666666666666664,
        48.666666666666664,
        41.333333333333336,
        52.666666666666664,
        53.333333333333336,
        48.0,
        46.0,
        56.0,
        54.666666666666664,
        56.0,
        53.333333333333336
      ],
      "train_ce": [
        1.6416666507720947,
        1.5683122158050538,
        1.4868709087371825,
        1.4138575792312622,
        1.3643154859542848,
        1.273497176170349,
        1.2220757007598877,
        1.1793511271476746,
        1.117803168296814,
        1.137538492679596,
        1.2327403545379638,
        1.0706399917602538,
        1.0855300545692443,
        1.0219321131706238,
        1.0804701566696167
      ],
      "test_loss": [
        1.5806133508682252,
        1.5426385641098022,
        1.5563037872314454,
        1.4651763916015625,
        1.429209542274475,
        1.4406076192855835,
        1.4170114755630494,
        1.4277861356735229,
        1.5064101696014405,
        1.4049444794654846,
        1.4224698305130006,
        1.4321961164474488,
        1.4381328582763673,
        1.4378751516342163,
        1.4376758337020874
      ],
      "test_acc": [
        28.78787878787879,
        24.242424242424242,
        42.42424242424242,
        39.39393939393939,
        42.42424242424242,
        43.93939393939394,
        39.39393939393939,
        43.18181818181818,
        45.45454545454545,
        39.39393939393939,
        45.45454545454545,
        43.18181818181818,
        42.42424242424242,
        43.18181818181818,
        44.696969696969695
      ]
    },
    "GradCAM (\u03bb=0.5)": {
      "train_loss": [
        1.9565840005874633,
        1.8845902919769286,
        1.852311110496521,
        1.7542086124420166,
        1.6941625118255614,
        1.5580891609191894,
        1.5139141082763672,
        1.4665378332138062,
        1.5467579126358033,
        1.4776892423629762,
        1.3694422245025635,
        1.324927806854248,
        1.357185459136963,
        1.3920443058013916,
        1.3711632251739503
      ],
      "train_acc": [
        26.0,
        26.666666666666668,
        29.333333333333332,
        38.0,
        44.666666666666664,
        45.333333333333336,
        49.333333333333336,
        50.0,
        46.666666666666664,
        48.0,
        49.333333333333336,
        62.666666666666664,
        57.333333333333336,
        51.333333333333336,
        54.666666666666664
      ],
      "train_ce": [
        1.6314996004104614,
        1.5879033565521241,
        1.547035574913025,
        1.4307971239089965,
        1.3813327312469483,
        1.2607277393341065,
        1.212738561630249,
        1.16096088886261,
        1.228500199317932,
        1.1717375755310058,
        1.0698597311973572,
        1.0267680883407593,
        1.0536794424057008,
        1.0899701952934264,
        1.0779828906059266
      ],