{
  "histories": {
    "Normal": {
      "train_loss": [
        0.6852384731173515,
        0.5425281388064226,
        0.4557310026139021,
        0.36700680044790107,
        0.36320267245173454,
        0.33142195579906303,
        0.31130002314845723,
        0.3327160992970069,
        0.31514350821574527,
        0.3058893907194336,
        0.30602382061382133,
        0.28604198309282464,
        0.2588590908174713,
        0.2587034444635113,
        0.2482894922917088
      ],
      "train_acc": [
        55.46666666666667,
        80.53333333333333,
        85.6,
        86.53333333333333,
        87.46666666666667,
        87.6,
        88.13333333333334,
        88.0,
        88.13333333333334,
        87.73333333333333,
        87.6,
        90.0,
        90.8,
        89.86666666666666,
        90.8
      ],
      "test_loss": [
        0.6590461954474449,
        0.7139435559511185,
        0.7030433788895607,
        0.7355950102210045,
        0.6634421050548553,
        0.7042218893766403,
        0.6634718403220177,
        0.5032148994505405,
        0.6399323716759682,
        0.7000697404146194,
        0.5259468294680119,
        0.5843759216368198,
        0.4387858733534813,
        0.4315182566642761,
        0.4688254501670599
      ],
      "test_acc": [
        58.8,
        68.0,
        65.6,
        63.2,
        66.0,
        66.0,
        64.0,
        77.6,
        53.2,
        47.2,
        74.0,
        66.8,
        83.2,
        86.4,
        78.0
      ],
      "train_ce": [
        0.6852384731173515,
        0.5425281388064226,
        0.4557310026139021,
        0.36700680044790107,
        0.36320267245173454,
        0.33142195579906303,
        0.31130002314845723,
        0.3327160992970069,
        0.31514350821574527,
        0.3058893907194336,
        0.30602382061382133,
        0.28604198309282464,
        0.2588590908174713,
        0.2587034444635113,
        0.2482894922917088
      ]
    },
    "GradCAM (\u03bb=0.1)": {
      "train_loss": [
        0.7107758323351542,
        0.6786708558599154,
        0.5475061299900214,
        0.41492222373684245,
        0.3908148631453514,
        0.3505242212365071,
        0.32791622666021186,
        0.3100643331805865,
        0.28021704964339733,
        0.2551755690947175,
        0.2378202828889092,
        0.22634888999164104,
        0.1944444994442165,
        0.19690790958702564,
        0.202890168565015
      ],
      "train_acc": [
        52.8,
        60.0,
        80.93333333333334,
        86.93333333333334,
        87.2,
        88.4,
        89.06666666666666,
        89.33333333333333,
        89.6,
        91.2,
        90.66666666666667,
        90.8,
        91.46666666666667,
        93.06666666666666,
        93.6
      ],
      "test_loss": [
        0.6902159824967384,
        0.6760474182665348,
        0.5302559807896614,
        0.5124785751104355,
        0.4542868509888649,
        0.4989190213382244,
        0.4103312660008669,
        0.3538721092045307,
        0.3989431355148554,
        0.3410075828433037,
        0.34486712887883186,
        0.2946081254631281,
        0.3255179226398468,
        0.2617737827822566,
        0.4802124723792076
      ],
      "test_acc": [
        51.6,
        56.0,
        81.2,
        78.0,
        80.8,
        76.8,
        82.4,
        85.2,
        80.4,
        88.0,
        86.4,
        92.4,
        90.4,
        92.8,
        80.8
      ],
      "train_ce": [
        0.6962253327171007,
        0.6693104182680448,
        0.5312178954482079,
        0.396651907513539,
        0.37244502641260624,
        0.33335482018689316,
        0.31151077958444756,
        0.29537811502814293,
        0.2655448270961642,
        0.24121001083403826,
        0.22350474478056034,
        0.21151917769263187,
        0.178334956523031,
        0.1818242622539401,
        0.1870472071071466
      ],
      "loc_loss": [
        0.14550496637821198,
        0.09360435356696446,
        0.16288233548402786,
        0.18270314981540045,
        0.18369836111863455,
        0.17169400552908579,
        0.1640544906258583,
        0.14686216910680136,
        0.1467222422361374,
        0.1396555875738462,
        0.14315538853406906,
        0.14829713106155396,
        0.16109544535477957,
        0.15083648512760797,
        0.15842962265014648
      ]
    },
    "GradCAM (\u03bb=0.3)": {
      "train_loss": [
        0.7421404868364334,
        0.7137349396944046,
        0.6980885341763496,
        0.6429569100340208,
        0.5748499619464079,
        0.4660910988847415,
        0.4250378018865983,
        0.3978171634177367,
        0.34584440911809605,
        0.3372222011288007,
        0.3714045373102029,
        0.3320334938665231,
        0.2935675010085106,
        0.3088464600344499,
        0.26158076493690413
      ],
      "train_acc": [
        52.4,
        52.266666666666666,
        55.733333333333334,
        69.46666666666667,
        80.13333333333334,
        85.46666666666667,
        87.06666666666666,
        87.86666666666666,
        88.4,
        88.53333333333333,
        88.8,
        89.6,
        90.13333333333334,
        88.66666666666667,
        90.93333333333334
      ],
      "test_loss": [
        0.692082092165947,
        0.6880460307002068,
        0.6726980358362198,
        0.6979288570582867,
        0.5084814690053463,
        0.5020486600697041,
        0.44401880353689194,
        0.4464992806315422,
        0.39385328255593777,
        0.4083412531763315,
        0.376694742590189,
        0.3310283962637186,
        0.32200500927865505,
        0.2841274328529835,
        0.2680096160620451
      ],
      "test_acc": [
        48.4,
        51.6,
        62.4,
        60.4,
        80.8,
        81.2,
        82.4,
        81.6,
        85.2,
        84.4,
        85.6,
        86.8,
        87.2,
        88.4,
        88.8
      ],
      "train_ce": [
        0.7005325431625048,
        0.6931833823521932,
        0.6802649175127348,
        0.6178437223037084,
        0.5246342110137144,
        0.4154792868842681,
        0.38551493051151436,
        0.35824702369670075,
        0.31245162958900136,
        0.3047714115430911,
        0.3383587437371413,
        0.29850764634708565,
        0.2651309374098976,
        0.28126340235273045,
        0.23665369084725776
      ],
      "loc_loss": [
        0.13869313150644302,
        0.06850520024696986,
        0.05941205223401388,
        0.08371061583360036,
        0.16738583395878473,
        0.1687060296535492,
        0.13174289713303247,
        0.13190046201149622,
        0.11130925764640172,
        0.10816930482784907,
        0.11015264689922333,
        0.11175283044576645,
        0.09478853394587834,
        0.09194352229436238,
        0.08309023827314377
      ]
    },
    "GradCAM (\u03bb=0.5)": {
      "train_loss": [
        0.7722714394330978,
        0.726363385717074,
        0.7184136634071668,
        0.6823869297901789,
        0.589254210392634,
        0.49337630967299145,
        0.4616149154802163,
        0.407400481402874,
        0.3794211974988381,
        0.3170385882258415,
        0.3332233379284541,
        0.2955363256235917,
        0.23914211709052324,
        0.23975141191234192,
        0.22713094080487886
      ],
      "train_acc": [
        50.53333333333333,
        54.266666666666666,
        53.2,
        61.6,
        75.06666666666666,
        84.93333333333334,
        86.53333333333333,
        87.86666666666666,
        88.13333333333334,
        90.13333333333334,
        89.46666666666667,
        91.86666666666666,
        93.46666666666667,
        92.4,
        92.4
      ],