{
  "histories": {
    "Normal": {
      "train_loss": [
        0.6879084597934376,
        0.5662099732594057,
        0.45656737278808246,
        0.3731005049564622,
        0.3389537097378211,
        0.31585951623591507,
        0.31210479682142084,
        0.30004328794100066,
        0.26065168394283816,
        0.24672584506598386,
        0.2138965099372647,
        0.17565125396305864,
        0.13930535113269632,
        0.09710412531752478,
        0.055368388262154025
      ],
      "train_acc": [
        58.857142857142854,
        76.71428571428571,
        85.28571428571429,
        85.28571428571429,
        86.57142857142857,
        88.0,
        88.57142857142857,
        89.0,
        89.28571428571429,
        90.14285714285714,
        91.71428571428571,
        93.28571428571429,
        96.0,
        97.42857142857143,
        98.14285714285714
      ],
      "test_loss": [
        0.6725247204303741,
        0.7212687104940414,
        0.7908432900905609,
        0.8344191759824753,
        0.9421867877244949,
        0.8346238613128663,
        0.839115422964096,
        0.7741893291473388,
        0.9178914844989776,
        1.0774884223937988,
        1.1775010645389556,
        1.8706749498844146,
        2.341569995880127,
        2.3751698613166807,
        2.9727606415748595
      ],
      "test_acc": [
        61.0,
        62.333333333333336,
        64.66666666666667,
        62.0,
        61.666666666666664,
        64.0,
        64.0,
        59.666666666666664,
        52.0,
        52.333333333333336,
        53.333333333333336,
        42.666666666666664,
        23.666666666666668,
        27.333333333333332,
        15.666666666666666
      ],
      "train_ce": [
        0.6879084597934376,
        0.5662099732594057,
        0.45656737278808246,
        0.3731005049564622,
        0.3389537097378211,
        0.31585951623591507,
        0.31210479682142084,
        0.30004328794100066,
        0.26065168394283816,
        0.24672584506598386,
        0.2138965099372647,
        0.17565125396305864,
        0.13930535113269632,
        0.09710412531752478,
        0.055368388262154025
      ]
    },
    "GradCAM (\u03bb=0.1)": {
      "train_loss": [
        0.7156672531908209,
        0.6873430907726288,
        0.5398725785992362,
        0.4173038032921878,
        0.375961378894069,
        0.3448485041206533,
        0.35488769005645404,
        0.3335115381262519,
        0.3094258132306012,
        0.28404114463112573,
        0.30259092355316336,
        0.28365893187848007,
        0.25776677240024914,
        0.2010428471998735,
        0.17542047663168472
      ],
      "train_acc": [
        52.0,
        56.142857142857146,
        82.0,
        87.28571428571429,
        88.28571428571429,
        89.42857142857143,
        87.0,
        87.85714285714286,
        89.71428571428571,
        90.14285714285714,
        89.42857142857143,
        90.28571428571429,
        90.42857142857143,
        92.85714285714286,
        93.28571428571429
      ],
      "test_loss": [
        0.6809985518455506,
        0.6676079034805298,
        0.5695399701595306,
        0.5773212939500809,
        0.6065731048583984,
        0.5193193227052688,
        0.6085436016321182,
        0.472980335354805,
        0.6919495970010757,
        0.6673997133970261,
        0.4457533448934555,
        0.7516487032175064,
        0.6755054086446762,
        0.8027036100625992,
        0.9481676578521728
      ],
      "test_acc": [
        50.333333333333336,
        58.0,
        81.0,
        76.66666666666667,
        73.66666666666667,
        79.66666666666667,
        72.33333333333333,
        80.0,
        72.0,
        69.0,
        83.0,
        71.0,
        71.33333333333333,
        72.66666666666667,
        58.666666666666664
      ],
      "train_ce": [
        0.7017084576866843,
        0.6758855147795244,
        0.5215834230184555,
        0.3939157196066596,
        0.3548210527409207,
        0.3226135867563161,
        0.3354637771844864,
        0.31373537331819534,
        0.29101686348969286,
        0.2645197233015841,
        0.282153727656061,
        0.2622057077559558,
        0.23699382387778975,
        0.18282238800417294,
        0.15542512641034342
      ],
      "loc_loss": [
        0.13958793065764688,
        0.11457573825662787,
        0.18289154767990112,
        0.2338808531110937,
        0.21140325340357694,
        0.22234916416081515,
        0.1942391503940929,
        0.19776166027242487,
        0.184089487249201,
        0.19521420381285928,
        0.20437196709892966,
        0.21453225070779974,
        0.20772948590191928,
        0.18220459331165662,
        0.19995349645614624
      ]
    },
    "GradCAM (\u03bb=0.3)": {
      "train_loss": [
        0.7316129261797125,
        0.6957235553047874,
        0.5866356830705296,
        0.4758235134861686,
        0.414140139113773,
        0.37554823471741244,
        0.3749248602173545,
        0.3573749072172425,
        0.3205852467905391,
        0.30311900783668866,
        0.301723104308952,
        0.2810583798722787,
        0.23481083966114305,
        0.20114406807856125,
        0.1874187798662619
      ],
      "train_acc": [
        51.57142857142857,
        57.714285714285715,
        78.57142857142857,
        87.0,
        88.0,
        89.0,
        88.71428571428571,
        88.57142857142857,
        90.71428571428571,
        90.14285714285714,
        89.71428571428571,
        90.42857142857143,
        92.14285714285714,
        92.85714285714286,
        95.28571428571429
      ],
      "test_loss": [
        0.6793225884437561,
        0.6483987301588059,
        0.5407433211803436,
        0.532049423456192,
        0.5597151249647141,
        0.5146661967039108,
        0.5838069409132004,
        0.5051800578832626,
        0.6467224299907685,
        0.5506663382053375,
        0.6925719946622848,
        0.6688654631376266,
        0.7016664505004883,
        1.4638716220855712,
        0.8212949872016907
      ],
      "test_acc": [
        50.0,
        60.333333333333336,
        82.66666666666667,
        82.66666666666667,
        76.66666666666667,
        81.33333333333333,
        76.33333333333333,
        77.66666666666667,
        72.0,
        76.0,
        70.33333333333333,
        75.66666666666667,
        69.33333333333333,
        38.333333333333336,
        54.666666666666664
      ],
      "train_ce": [
        0.6975765309550546,
        0.6748544248667631,
        0.5573076538064263,
        0.43398051438006485,
        0.3726408373225819,
        0.3331256339495832,
        0.3366615027189255,
        0.31711396778171713,
        0.2844590070572766,
        0.26584070175886154,
        0.26282975043762813,
        0.24007205563512715,
        0.19817735254764557,
        0.16459382511675358,
        0.14545823549005119
      ],
      "loc_loss": [
        0.11345465345816179,
        0.0695637735453519,
        0.097760102965615,
        0.1394766704602675,
        0.13833101229234177,
        0.1414086574857885,
        0.12754452499476346,
        0.13420311700214038,
        0.12042079730467363,
        0.1242610134861686,
        0.1296445050022819,
        0.13662107966162942,
        0.12211161580952731,
        0.12183413180437955,
        0.1398684707554904
      ]
    },
    "GradCAM (\u03bb=0.5)": {
      "train_loss": [
        0.7562024918469515,
        0.7196351994167675,
        0.6654199388894168,
        0.5305850438096307,
        0.47280215268785303,
        0.42199777337637817,
        0.37780698998407886,
        0.36398923938924616,
        0.35300852358341217,
        0.3374500735239549,
        0.31120390648191626,
        0.29491815478964284,
        0.28345903821966867,
        0.2501608749682253,
        0.21933202310041947
      ],